name,year,genre,publisher_tier,hype_score,metacritic_score,steam_score,review_score_combined,delta,label,label_binary,google_trends_peak,trailer_views_m,like_ratio,reddit_mentions_k,reddit_sentiment_pre,steam_wishlist_k,press_coverage_score,dev_track_record,marketing_days,had_beta,price_usd,hype_vs_genre_avg,marketing_intensity,hype_sentiment_gap,wishlist_per_day,is_premium,is_aaa,years_ago,genre_avg_delta
Cyberpunk 2077,2020,RPG,AAA,9.8,5.4,7.2,5.94,3.86,launch_disaster,1,100.0,31.57,0.915,63.4,0.834,2015.0,9.71,7.97,497,1,70.0,2.413,0.985,0.146,4.046,1,1,5,-0.132
No Man's Sky,2016,Adventure,AA,9.5,4.8,7.8,5.7,3.8,launch_disaster,1,78.4,24.23,0.836,35.9,0.812,1419.0,8.2,5.89,447,1,50.0,3.207,0.7014,0.138,3.167,0,0,9,-1.385
Anthem,2019,Action,AAA,8.2,5.5,3.2,4.81,3.39,launch_disaster,1,90.9,23.8,0.8,48.4,0.756,1743.0,7.36,6.91,485,1,70.0,0.986,0.7997,0.064,3.586,1,1,6,-0.349
Fallout 76,2018,RPG,AAA,7.8,5.2,4.5,4.99,2.81,launch_disaster,1,80.9,27.0,0.8,46.5,0.708,1490.0,7.31,7.94,555,1,70.0,0.413,0.7897,0.072,2.68,1,1,7,-0.132
Battlefield 2042,2021,Shooter,AAA,7.5,4.8,3.8,4.5,3.0,launch_disaster,1,75.5,22.94,0.8,48.1,0.817,1384.0,7.08,6.81,479,1,70.0,0.586,0.7353,-0.067,2.883,1,1,4,-0.352
Halo Infinite,2021,Shooter,AAA,8.8,7.6,7.5,7.57,1.23,disappointment,1,100.0,26.92,0.83,52.8,0.842,1782.0,8.08,6.09,432,1,70.0,1.886,0.8855,0.038,4.115,1,1,4,-0.352
Mass Effect Andromeda,2017,RPG,AAA,8.5,6.1,6.8,6.31,2.19,launch_disaster,1,93.6,29.63,0.815,47.1,0.805,1922.0,7.86,8.76,304,1,70.0,1.113,0.8649,0.045,6.302,1,1,8,-0.132
Redfall,2023,Shooter,AAA,6.8,4.3,3.1,3.94,2.86,launch_disaster,1,73.6,22.28,0.8,38.9,0.804,1562.0,6.09,6.39,494,1,70.0,-0.114,0.6781,-0.124,3.156,1,1,2,-0.352
Forspoken,2023,Action,AAA,6.2,6.0,5.8,5.94,0.26,met_expectations,0,75.4,20.5,0.8,39.0,0.724,1253.0,6.25,6.91,301,0,70.0,-1.014,0.666,-0.104,4.149,1,1,2,-0.349
Skull and Bones,2024,Action,AAA,6.5,5.5,4.8,5.29,1.21,disappointment,1,70.4,20.8,0.8,45.6,0.752,1378.0,5.99,5.28,537,0,70.0,-0.714,0.6829,-0.102,2.561,1,1,1,-0.349
Suicide Squad,2024,Action,AAA,6.0,5.2,3.5,4.69,1.31,disappointment,1,68.7,18.98,0.8,33.4,0.749,1247.0,5.87,6.05,470,1,70.0,-1.214,0.5999,-0.149,2.648,1,1,1,-0.349
The Day Before,2023,Survival,AA,8.9,1.8,1.4,1.68,7.22,launch_disaster,1,82.6,23.42,0.863,36.1,0.8,1434.0,7.36,5.25,296,1,50.0,0.0,0.7085,0.09,4.828,0,0,2,7.22
Elden Ring,2022,RPG,AA,8.1,9.6,9.2,9.48,-1.38,positive_surprise,0,64.3,23.35,0.8,35.2,0.793,1173.0,6.98,8.11,371,1,50.0,0.713,0.6394,0.017,3.153,0,0,3,-0.132
God of War Ragnarok,2022,Action,AAA,8.9,9.4,9.5,9.43,-0.53,met_expectations,0,100.0,26.45,0.819,54.2,0.811,1876.0,8.38,6.52,560,1,70.0,1.686,0.8872,0.079,3.344,1,1,3,-0.349
Baldur's Gate 3,2023,RPG,AA,7.8,9.6,9.7,9.63,-1.83,positive_surprise,0,75.6,20.45,0.8,37.7,0.696,1327.0,7.09,5.98,384,1,50.0,0.413,0.66,0.084,3.447,0,0,2,-0.132
Hollow Knight,2017,Platformer,Indie,5.2,9.0,9.5,9.15,-3.95,positive_surprise,0,31.6,6.01,0.8,8.1,0.639,206.0,3.89,6.78,267,0,25.0,-1.462,0.2127,-0.119,0.769,0,0,8,-0.928
Hades,2020,Roguelike,Indie,6.8,9.3,9.6,9.39,-2.59,positive_surprise,0,21.9,8.43,0.8,19.2,0.722,268.0,4.86,7.24,242,0,25.0,-0.116,0.257,-0.042,1.103,0,0,5,-0.041
Sekiro,2019,Action,AA,7.9,9.0,8.8,8.94,-1.04,positive_surprise,0,65.4,20.18,0.8,36.2,0.793,1176.0,6.78,6.86,381,1,50.0,0.686,0.6144,-0.003,3.079,0,0,6,-0.349
Red Dead Redemption 2,2018,Action,AAA,9.5,9.7,8.8,9.43,0.07,met_expectations,0,100.0,32.98,0.875,51.8,0.835,2027.0,9.01,10.0,591,1,70.0,2.286,0.9451,0.115,3.424,1,1,7,-0.349
The Witcher 3,2015,RPG,AA,9.2,9.2,9.6,9.32,-0.12,met_expectations,0,81.5,22.37,0.889,38.3,0.791,1423.0,7.85,9.11,401,1,50.0,1.812,0.7039,0.129,3.54,0,0,10,-0.132
Dark Souls 3,2016,Action,AA,8.0,8.9,8.7,8.84,-0.84,positive_surprise,0,65.6,22.18,0.8,31.7,0.74,1348.0,6.51,7.02,320,1,50.0,0.786,0.615,0.06,4.199,0,0,9,-0.349
Monster Hunter World,2018,RPG,AA,7.5,9.0,9.1,9.03,-1.53,positive_surprise,0,66.9,14.7,0.8,31.1,0.78,1121.0,6.33,7.3,287,1,50.0,0.113,0.5373,-0.03,3.892,0,0,7,-0.132
Deep Rock Galactic,2020,Shooter,Indie,5.1,8.5,9.6,8.83,-3.73,positive_surprise,0,19.3,5.07,0.8,13.1,0.614,232.0,4.53,7.53,256,0,25.0,-1.814,0.1833,-0.104,0.903,0,0,5,-0.352
Stardew Valley,2016,Simulation,Indie,5.8,8.9,9.8,9.17,-3.37,positive_surprise,0,21.1,6.78,0.8,13.0,0.648,193.0,4.15,4.51,259,0,25.0,-1.162,0.2073,-0.068,0.742,0,0,9,0.542
Disco Elysium,2019,RPG,Indie,6.5,9.7,9.2,9.55,-3.05,positive_surprise,0,34.8,5.25,0.8,14.7,0.663,274.0,4.78,5.9,186,0,25.0,-0.887,0.2471,-0.013,1.465,0,0,6,-0.132
Outer Wilds,2019,Adventure,Indie,5.5,9.0,9.4,9.12,-3.62,positive_surprise,0,26.7,5.64,0.8,15.1,0.691,233.0,3.93,6.01,152,0,25.0,-0.793,0.2248,-0.141,1.523,0,0,6,-1.385
Celeste,2018,Platformer,Indie,6.2,9.4,9.7,9.49,-3.29,positive_surprise,0,23.4,9.45,0.8,11.2,0.75,257.0,4.8,7.13,224,1,25.0,-0.462,0.2352,-0.13,1.142,0,0,7,-0.928
Returnal,2021,Roguelike,AA,7.2,8.6,8.2,8.48,-1.28,positive_surprise,0,64.3,14.42,0.8,29.7,0.788,1307.0,5.94,6.39,360,1,50.0,0.284,0.5186,-0.068,3.62,0,0,4,-0.041
It Takes Two,2021,Platformer,AA,6.8,9.0,9.5,9.15,-2.35,positive_surprise,0,55.2,18.9,0.8,34.0,0.706,1027.0,6.54,7.87,333,1,50.0,0.138,0.5547,-0.026,3.075,0,0,4,-0.928
Ghostwire Tokyo,2022,Action,AA,7.0,7.2,7.5,7.29,-0.29,met_expectations,0,53.5,18.75,0.8,31.5,0.709,1128.0,5.68,7.78,310,0,50.0,-0.214,0.5353,-0.009,3.627,0,0,3,-0.349
Deathloop,2021,Shooter,AA,7.8,8.8,7.2,8.32,-0.52,met_expectations,0,69.4,22.22,0.8,35.9,0.773,1335.0,7.09,6.32,441,1,50.0,0.886,0.6486,0.007,3.02,0,0,4,-0.352
Sifu,2022,Action,Indie,6.5,8.1,8.3,8.16,-1.66,positive_surprise,0,35.5,7.52,0.8,11.9,0.71,298.0,5.0,6.99,129,1,25.0,-0.714,0.2604,-0.06,2.292,0,0,3,-0.349
Marvel's Spider-Man 2,2023,Action,AAA,9.1,9.0,9.2,9.06,0.04,met_expectations,0,100.0,29.6,0.866,50.1,0.801,1943.0,9.01,8.16,733,1,70.0,1.886,0.9012,0.109,2.647,1,1,2,-0.349
Alan Wake 2,2023,Horror,AA,7.5,8.9,8.5,8.78,-1.28,positive_surprise,0,64.7,23.13,0.8,30.4,0.708,988.0,6.16,6.04,380,1,50.0,0.537,0.6158,0.042,2.593,0,0,2,0.542
Dave the Diver,2023,Adventure,Indie,6.0,9.0,9.5,9.15,-3.15,positive_surprise,0,30.3,6.35,0.8,15.5,0.634,295.0,4.81,6.03,173,0,25.0,-0.293,0.2468,-0.034,1.695,0,0,2,-1.385
Lies of P,2023,Action,AA,6.8,8.0,8.2,8.06,-1.26,positive_surprise,0,64.0,16.78,0.8,31.6,0.735,1240.0,5.9,6.49,277,1,50.0,-0.414,0.5516,-0.055,4.46,0,0,2,-0.349
Hi-Fi Rush,2023,Action,AA,5.0,8.8,9.3,8.95,-3.95,positive_surprise,0,34.8,15.06,0.8,19.5,0.753,812.0,4.72,6.87,465,0,50.0,-2.214,0.3739,-0.253,1.742,0,0,2,-0.349
Overwatch 2,2022,Shooter,AAA,7.5,6.5,2.8,5.39,2.11,launch_disaster,1,87.7,27.35,0.8,42.1,0.748,1387.0,7.53,8.09,527,1,70.0,0.586,0.7964,0.002,2.627,1,1,3,-0.352
Diablo IV,2023,RPG,AAA,9.0,8.8,7.8,8.5,0.5,met_expectations,0,97.0,31.92,0.875,54.0,0.797,1952.0,8.23,5.54,539,1,70.0,1.613,0.9338,0.103,3.615,1,1,2,-0.132
Destiny 2,2017,Shooter,AAA,7.8,7.6,6.5,7.27,0.53,met_expectations,0,79.0,25.1,0.8,41.2,0.796,1697.0,7.11,9.26,511,1,70.0,0.886,0.7378,-0.016,3.314,1,1,8,-0.352
Apex Legends,2019,Shooter,AAA,6.0,8.9,8.1,8.66,-2.66,positive_surprise,0,62.2,18.38,0.8,34.3,0.703,1020.0,5.52,7.24,586,1,70.0,-0.914,0.5751,-0.103,1.738,1,1,6,-0.352
Valorant,2020,Shooter,AAA,7.2,8.0,7.9,7.97,-0.77,met_expectations,0,76.5,22.34,0.8,41.0,0.643,1346.0,7.22,8.84,517,1,70.0,0.286,0.6988,0.077,2.598,1,1,5,-0.352
Fortnite,2017,Battle,AAA,6.5,8.1,7.8,8.01,-1.51,positive_surprise,0,87.2,23.36,0.8,34.2,0.632,1372.0,5.72,5.78,481,1,70.0,0.0,0.7149,0.018,2.846,1,1,8,-1.51
Lost Ark,2022,RPG,AA,7.0,7.7,5.5,7.04,-0.04,met_expectations,0,63.9,15.75,0.8,41.0,0.805,1076.0,6.58,6.41,443,0,50.0,-0.387,0.5848,-0.105,2.423,0,0,3,-0.132
New World,2021,RPG,AAA,7.8,6.3,5.2,5.97,1.83,launch_disaster,1,79.2,26.48,0.8,43.7,0.742,1536.0,7.25,6.37,564,1,70.0,0.413,0.765,0.038,2.719,1,1,4,-0.132
Babylon's Fall,2022,Action,AAA,6.5,4.3,2.5,3.76,2.74,launch_disaster,1,67.3,19.97,0.8,40.0,0.731,1362.0,6.32,5.53,588,0,70.0,-0.714,0.6368,-0.081,2.312,1,1,3,-0.349
GTA V,2013,Action,AAA,9.7,9.7,7.8,9.13,0.57,met_expectations,0,100.0,26.04,0.912,55.5,0.737,2097.0,8.53,7.47,790,1,70.0,2.486,0.889,0.233,2.651,1,1,12,-0.349
Starfield,2023,RPG,AAA,9.2,7.6,6.8,7.36,1.84,launch_disaster,1,99.6,28.7,0.889,58.2,0.841,1841.0,9.5,5.43,447,1,70.0,1.812,0.9286,0.079,4.109,1,1,2,-0.132
Hogwarts Legacy,2023,RPG,AAA,8.5,8.4,8.5,8.43,0.07,met_expectations,0,96.4,30.79,0.805,50.2,0.757,1827.0,7.75,6.88,588,1,70.0,1.113,0.9017,0.093,3.102,1,1,2,-0.132
Armored Core VI,2023,Action,AA,7.2,8.8,9.0,8.86,-1.66,positive_surprise,0,63.0,17.46,0.8,31.4,0.795,1084.0,5.23,7.85,265,1,50.0,-0.014,0.5544,-0.075,4.075,0,0,2,-0.349
Street Fighter 6,2023,Fighting,AAA,7.8,9.2,9.1,9.17,-1.37,positive_surprise,0,85.0,27.0,0.8,46.0,0.701,1651.0,7.29,7.77,461,1,70.0,0.251,0.8017,0.079,3.574,1,1,2,-0.189
Mortal Kombat 1,2023,Fighting,AAA,7.5,8.2,7.8,8.08,-0.58,met_expectations,0,89.1,26.31,0.8,41.9,0.785,1451.0,6.62,8.71,576,1,70.0,-0.049,0.7893,-0.035,2.515,1,1,2,-0.189
Resident Evil 4 Remake,2023,Horror,AAA,8.0,9.3,9.4,9.33,-1.33,positive_surprise,0,94.8,25.11,0.8,44.6,0.798,1761.0,7.97,8.21,393,1,70.0,1.037,0.8093,0.002,4.47,1,1,2,0.542
Final Fantasy XVI,2023,RPG,AAA,8.8,8.7,8.8,8.73,0.07,met_expectations,0,94.7,28.94,0.853,47.9,0.677,1848.0,9.21,7.0,544,1,70.0,1.413,0.8652,0.203,3.391,1,1,2,-0.132
Final Fantasy VII Rebirth,2024,RPG,AAA,8.5,9.2,8.8,9.08,-0.58,met_expectations,0,95.0,28.51,0.813,45.2,0.695,1957.0,7.95,7.3,531,1,70.0,1.113,0.8489,0.155,3.679,1,1,1,-0.132
Helldivers 2,2024,Shooter,AA,5.8,8.2,8.9,8.41,-2.61,positive_surprise,0,51.9,13.32,0.8,30.4,0.666,1013.0,4.0,6.57,436,0,50.0,-1.114,0.4669,-0.086,2.318,0,0,1,-0.352
Dragon's Dogma 2,2024,RPG,AAA,8.2,8.0,7.2,7.76,0.44,met_expectations,0,89.3,23.64,0.8,46.9,0.646,1700.0,7.5,7.9,706,1,70.0,0.812,0.7854,0.174,2.405,1,1,1,-0.132
Prince of Persia Lost Crown,2024,Platformer,AA,6.0,8.8,8.5,8.71,-2.71,positive_surprise,0,45.5,20.15,0.8,27.1,0.699,980.0,5.04,6.23,358,0,50.0,-0.662,0.5013,-0.099,2.73,0,0,1,-0.928
Tekken 8,2024,Fighting,AAA,8.0,9.0,8.9,8.97,-0.97,positive_surprise,0,95.3,20.68,0.8,41.8,0.717,1684.0,7.53,6.95,526,1,70.0,0.451,0.7508,0.083,3.195,1,1,1,-0.189
Granblue Fantasy Relink,2024,RPG,AA,6.5,8.3,8.8,8.45,-1.95,positive_surprise,0,48.6,15.53,0.8,31.2,0.674,1031.0,5.54,6.1,365,0,50.0,-0.887,0.4825,-0.024,2.817,0,0,1,-0.132
Game_100,2014,Simulation,Indie,7.29,2.97,2.63,2.87,4.42,launch_disaster,1,32.1,7.68,0.8,18.3,0.864,320.0,5.36,7.25,160,1,25.0,0.328,0.2804,-0.135,1.988,0,0,11,0.542
Game_101,2014,Fighting,AAA,7.01,8.71,8.11,8.53,-1.52,positive_surprise,0,76.9,27.34,0.8,44.5,0.778,1322.0,6.31,6.2,706,1,70.0,-0.539,0.7699,-0.077,1.87,1,1,11,-0.189
Game_102,2022,Strategy,Indie,3.18,8.7,9.49,8.94,-5.76,positive_surprise,0,21.8,6.0,0.8,2.0,0.598,128.0,2.5,5.77,143,0,25.0,-2.161,0.1494,-0.28,0.889,0,0,3,-0.632
Game_103,2023,RPG,AA,6.17,10.0,9.68,9.91,-3.74,positive_surprise,0,55.9,14.27,0.8,38.0,0.699,1102.0,4.96,6.77,322,0,50.0,-1.217,0.5269,-0.082,3.412,0,0,2,-0.132
Game_104,2024,Strategy,Indie,3.55,4.91,5.48,5.08,-1.53,positive_surprise,0,16.0,1.77,0.8,10.4,0.749,174.0,2.9,6.96,205,0,25.0,-1.791,0.124,-0.394,0.845,0,0,1,-0.632
Game_105,2019,Adventure,AA,8.46,9.34,9.52,9.4,-0.94,positive_surprise,0,75.3,21.21,0.804,41.8,0.736,1363.0,7.01,6.37,373,1,50.0,2.167,0.6864,0.11,3.644,0,0,6,-1.385
Game_106,2019,Horror,AAA,7.04,6.98,7.35,7.09,-0.05,met_expectations,0,71.0,24.05,0.8,41.4,0.816,1396.0,6.32,4.72,622,1,70.0,0.077,0.6996,-0.112,2.241,1,1,6,0.542
Game_107,2015,RPG,Indie,2.75,5.0,5.48,5.14,-2.39,positive_surprise,0,10.4,1.53,0.8,8.4,0.584,135.0,2.07,6.35,215,1,25.0,-4.637,0.0924,-0.309,0.625,0,0,10,-0.132
Game_108,2014,Roguelike,AAA,6.14,7.5,8.04,7.66,-1.52,positive_surprise,0,80.4,20.89,0.8,36.6,0.612,1594.0,6.58,6.53,337,0,70.0,-0.776,0.6763,0.002,4.716,1,1,11,-0.041
Game_109,2021,Adventure,Indie,3.49,6.41,6.63,6.47,-2.98,positive_surprise,0,11.7,6.18,0.8,15.3,0.718,173.0,2.57,6.66,212,0,25.0,-2.803,0.1789,-0.369,0.812,0,0,4,-1.385
Game_110,2021,Roguelike,AAA,4.21,5.0,5.58,5.18,-0.97,positive_surprise,0,54.4,14.37,0.8,22.2,0.68,816.0,3.5,7.35,520,0,70.0,-2.706,0.4479,-0.259,1.566,1,1,4,-0.041
Game_111,2018,Strategy,AAA,6.99,8.66,8.94,8.74,-1.75,positive_surprise,0,73.7,25.11,0.8,38.7,0.744,1610.0,6.45,6.64,709,0,70.0,1.649,0.7076,-0.045,2.268,1,1,7,-0.632
Game_112,2016,Roguelike,Indie,6.22,8.84,9.19,8.95,-2.73,positive_surprise,0,24.7,10.87,0.8,9.3,0.753,275.0,4.64,6.21,330,0,25.0,-0.696,0.2458,-0.131,0.831,0,0,9,-0.041
Game_113,2020,Strategy,AAA,3.24,5.73,6.68,6.01,-2.77,positive_surprise,0,38.3,8.47,0.8,20.5,0.677,538.0,2.88,6.46,538,1,70.0,-2.101,0.3209,-0.353,0.998,1,1,5,-0.632
Game_114,2020,RPG,AAA,8.72,9.47,10.0,9.63,-0.91,positive_surprise,0,100.0,30.03,0.822,51.2,0.694,1805.0,8.55,6.54,632,1,70.0,1.333,0.911,0.178,2.852,1,1,5,-0.132
Game_115,2022,Adventure,Indie,5.75,5.53,6.81,5.91,-0.16,met_expectations,0,26.2,7.97,0.8,10.6,0.781,233.0,4.53,6.3,310,1,25.0,-0.543,0.2264,-0.206,0.749,0,0,3,-1.385
Game_116,2024,Sports,AAA,6.48,7.67,7.56,7.64,-1.16,positive_surprise,0,74.7,23.32,0.8,37.5,0.665,1423.0,5.55,7.76,494,1,70.0,0.26,0.6864,-0.017,2.875,1,1,1,-1.046
Game_117,2017,Platformer,Indie,8.88,9.8,9.02,9.57,-0.69,met_expectations,0,34.9,12.7,0.847,22.1,0.733,397.0,6.73,6.9,162,0,25.0,2.218,0.3615,0.155,2.436,0,0,8,-0.928
Game_118,2019,Simulation,AAA,9.53,9.15,8.6,8.98,0.55,met_expectations,0,100.0,29.56,0.874,54.7,0.683,2008.0,8.73,8.43,598,1,70.0,2.568,0.9225,0.27,3.352,1,1,6,0.542
Game_119,2023,Fighting,AAA,7.64,10.0,10.0,10.0,-2.36,positive_surprise,0,85.6,24.31,0.8,44.4,0.739,1662.0,7.1,7.93,532,1,70.0,0.091,0.7677,0.025,3.118,1,1,2,-0.189
Game_120,2016,Adventure,AAA,7.07,6.63,7.08,6.77,0.3,met_expectations,0,73.4,24.27,0.8,38.8,0.809,1454.0,6.77,6.28,537,1,70.0,0.777,0.6981,-0.102,2.703,1,1,9,-1.385
Game_121,2020,Roguelike,AA,6.64,9.1,9.8,9.31,-2.67,positive_surprise,0,65.5,14.62,0.8,23.4,0.763,1029.0,5.73,6.2,433,1,50.0,-0.276,0.4951,-0.099,2.371,0,0,5,-0.041
Game_122,2014,Shooter,AA,4.84,4.99,5.89,5.26,-0.42,met_expectations,0,47.8,15.27,0.8,26.1,0.817,886.0,3.25,8.57,346,1,50.0,-2.074,0.4529,-0.333,2.553,0,0,11,-0.352
Game_123,2022,Strategy,AA,4.78,5.0,5.81,5.24,-0.46,met_expectations,0,29.7,13.66,0.8,26.8,0.71,856.0,4.0,5.61,354,0,50.0,-0.561,0.3757,-0.232,2.411,0,0,3,-0.632
Game_124,2017,Platformer,AAA,7.21,7.5,8.16,7.7,-0.49,met_expectations,0,76.7,20.26,0.8,41.5,0.71,1555.0,7.42,7.42,554,1,70.0,0.548,0.6798,0.011,2.802,1,1,8,-0.928
Game_125,2022,Simulation,AA,3.26,5.0,4.92,4.98,-1.72,positive_surprise,0,22.3,8.5,0.8,8.2,0.69,629.0,2.41,7.24,395,0,50.0,-3.702,0.2071,-0.364,1.588,0,0,3,0.542
Game_126,2013,Strategy,AA,6.67,6.47,7.64,6.82,-0.15,met_expectations,0,49.0,17.21,0.8,23.3,0.799,1067.0,5.84,6.03,245,1,50.0,1.329,0.4644,-0.132,4.337,0,0,12,-0.632
Game_127,2016,Action,AAA,9.44,5.68,5.22,5.54,3.9,launch_disaster,1,100.0,29.51,0.865,52.2,0.84,1901.0,9.03,8.23,549,1,70.0,2.226,0.9102,0.104,3.456,1,1,9,-0.349
Game_128,2018,Action,AAA,4.71,5.67,5.92,5.74,-1.03,positive_surprise,0,54.7,13.47,0.8,21.9,0.739,889.0,4.07,8.44,638,1,70.0,-2.504,0.438,-0.268,1.391,1,1,7,-0.349
Game_129,2021,RPG,Indie,6.51,8.18,8.48,8.27,-1.76,positive_surprise,0,40.0,7.56,0.8,10.0,0.636,224.0,4.42,7.81,174,1,25.0,-0.877,0.2675,0.015,1.28,0,0,4,-0.132
Game_130,2023,Sports,AAA,5.87,7.5,8.11,7.68,-1.81,positive_surprise,0,66.7,23.08,0.8,36.1,0.758,1169.0,5.26,6.66,547,0,70.0,-0.35,0.6492,-0.171,2.133,1,1,2,-1.046
Game_131,2018,RPG,AAA,6.94,6.88,7.05,6.93,0.01,met_expectations,0,71.4,19.39,0.8,41.6,0.704,1516.0,6.25,5.54,653,0,70.0,-0.447,0.6525,-0.01,2.318,1,1,7,-0.132
Game_132,2014,Roguelike,AAA,7.27,4.56,4.34,4.49,2.78,launch_disaster,1,81.8,22.37,0.8,39.6,0.719,1603.0,6.94,9.49,446,1,70.0,0.354,0.7111,0.008,3.586,1,1,11,-0.041
Game_133,2023,Horror,AAA,6.87,5.91,5.77,5.87,1.0,disappointment,1,63.0,21.24,0.8,34.3,0.797,1427.0,6.6,7.32,452,0,70.0,-0.093,0.6082,-0.11,3.15,1,1,2,0.542
Game_134,2014,Platformer,AA,8.8,7.5,7.57,7.52,1.28,disappointment,1,71.5,24.08,0.824,46.9,0.827,1359.0,8.34,6.19,377,1,50.0,2.138,0.7277,0.053,3.595,0,0,11,-0.928
Game_135,2015,Simulation,AAA,8.11,5.31,5.99,5.51,2.6,launch_disaster,1,95.8,26.11,0.8,47.5,0.785,1610.0,6.61,6.12,379,1,70.0,1.148,0.8372,0.026,4.237,1,1,10,0.542
Game_136,2018,Adventure,AAA,7.96,6.01,6.14,6.05,1.91,launch_disaster,1,87.8,27.02,0.8,49.3,0.771,1549.0,7.36,6.18,543,1,70.0,1.667,0.8273,0.025,2.847,1,1,7,-1.385
Game_137,2020,RPG,AAA,7.35,5.5,5.39,5.47,1.88,launch_disaster,1,77.4,24.31,0.8,41.7,0.762,1603.0,6.67,7.5,390,1,70.0,-0.037,0.7262,-0.027,4.1,1,1,5,-0.132
Game_138,2019,Simulation,Indie,8.71,8.76,8.55,8.7,0.01,met_expectations,0,31.0,10.81,0.808,12.5,0.808,374.0,5.95,6.74,108,0,25.0,1.748,0.2824,0.063,3.431,0,0,6,0.542
Game_139,2015,Strategy,Indie,6.58,3.98,5.18,4.34,2.24,launch_disaster,1,29.9,5.83,0.8,19.6,0.751,259.0,4.76,5.72,205,0,25.0,1.239,0.2593,-0.093,1.257,0,0,10,-0.632
Game_140,2018,Horror,AAA,8.56,9.29,10.0,9.5,-0.94,positive_surprise,0,91.7,28.18,0.8,58.9,0.774,1793.0,7.66,9.06,709,1,70.0,1.597,0.8987,0.082,2.525,1,1,7,0.542
Game_141,2013,Action,Indie,4.41,8.94,8.85,8.91,-4.5,positive_surprise,0,7.2,6.25,0.8,7.6,0.628,137.0,3.5,7.38,176,0,25.0,-2.804,0.1275,-0.187,0.774,0,0,12,-0.349
Game_142,2019,Roguelike,Indie,9.48,6.51,6.4,6.48,3.0,launch_disaster,1,44.1,8.06,0.904,25.5,0.799,368.0,7.01,6.31,176,0,25.0,2.564,0.3605,0.149,2.079,0,0,6,-0.041
Game_143,2015,Shooter,Indie,8.64,8.84,8.69,8.79,-0.15,met_expectations,0,38.5,11.04,0.801,15.9,0.808,339.0,5.91,5.58,148,0,25.0,1.726,0.3271,0.056,2.275,0,0,10,-0.352
Game_144,2017,Fighting,Indie,9.17,3.77,4.12,3.87,5.3,launch_disaster,1,39.4,12.87,0.846,20.2,0.803,393.0,6.26,5.39,324,1,25.0,1.621,0.3701,0.114,1.209,0,0,8,-0.189
Game_145,2021,Fighting,AA,5.61,8.11,7.47,7.92,-2.31,positive_surprise,0,54.9,14.44,0.8,29.0,0.718,854.0,4.33,6.58,399,0,50.0,-1.939,0.4826,-0.157,2.135,0,0,4,-0.189
Game_146,2024,Sports,Indie,6.25,8.79,8.48,8.7,-2.45,positive_surprise,0,24.1,6.44,0.8,16.6,0.725,298.0,4.16,6.61,255,0,25.0,0.03,0.2312,-0.1,1.164,0,0,1,-1.046
Game_147,2014,Roguelike,AA,8.31,4.68,5.65,4.97,3.34,launch_disaster,1,67.1,18.89,0.8,32.8,0.843,1334.0,7.45,8.82,382,1,50.0,1.394,0.5905,-0.012,3.483,0,0,11,-0.041
Game_148,2014,Roguelike,AA,8.6,6.9,7.44,7.07,1.53,disappointment,1,78.1,20.24,0.824,36.5,0.736,1372.0,6.94,7.97,381,1,50.0,1.684,0.6609,0.124,3.592,0,0,11,-0.041
Game_149,2014,Platformer,AAA,6.42,6.13,6.5,6.24,0.18,met_expectations,0,74.6,18.65,0.8,38.1,0.747,1173.0,6.01,6.6,687,0,70.0,-0.242,0.6393,-0.105,1.705,1,1,11,-0.928
Game_150,2018,Horror,AA,6.55,4.41,4.79,4.53,2.02,launch_disaster,1,51.1,17.38,0.8,28.0,0.751,927.0,6.15,6.28,378,1,50.0,-0.413,0.4958,-0.096,2.446,0,0,7,0.542
Game_151,2023,Roguelike,AAA,9.05,4.3,5.29,4.6,4.45,launch_disaster,1,98.1,28.66,0.832,51.3,0.828,1936.0,8.74,8.2,725,1,70.0,2.134,0.8902,0.077,2.667,1,1,2,-0.041
Game_152,2020,Platformer,AA,4.44,2.74,2.76,2.74,1.7,disappointment,1,29.7,12.66,0.8,16.5,0.76,800.0,4.13,7.01,321,1,50.0,-2.222,0.3164,-0.316,2.484,0,0,5,-0.928
Game_153,2017,Strategy,Indie,5.99,5.23,4.76,5.09,0.9,disappointment,1,24.9,5.51,0.8,19.2,0.718,282.0,4.77,6.14,124,0,25.0,0.649,0.2365,-0.119,2.256,0,0,8,-0.632
Game_154,2019,Simulation,Indie,7.84,7.74,8.13,7.86,-0.02,met_expectations,0,20.8,6.73,0.8,15.6,0.647,270.0,6.66,5.8,150,0,25.0,0.878,0.218,0.137,1.788,0,0,6,0.542
Game_155,2023,Adventure,AA,6.23,8.03,8.86,8.28,-2.05,positive_surprise,0,53.4,14.7,0.8,26.9,0.711,1073.0,5.26,6.43,394,1,50.0,-0.063,0.4702,-0.088,2.716,0,0,2,-1.385
Game_156,2022,RPG,AAA,7.71,4.26,4.03,4.19,3.52,launch_disaster,1,84.1,23.08,0.8,45.4,0.758,1539.0,7.21,7.64,441,1,70.0,0.323,0.7541,0.013,3.482,1,1,3,-0.132
Game_157,2021,Sports,AA,5.95,9.01,9.24,9.08,-3.13,positive_surprise,0,46.9,11.48,0.8,37.5,0.674,756.0,5.35,7.66,388,0,50.0,-0.27,0.4634,-0.079,1.943,0,0,4,-1.046
Game_158,2021,Horror,Indie,8.49,7.04,6.83,6.98,1.51,disappointment,1,26.9,12.95,0.838,22.2,0.713,384.0,6.03,5.29,182,1,25.0,1.527,0.3366,0.136,2.098,0,0,4,0.542
Game_159,2023,Roguelike,AAA,4.83,6.94,7.12,6.99,-2.16,positive_surprise,0,54.8,14.08,0.8,26.4,0.746,1059.0,4.48,6.76,530,0,70.0,-2.086,0.4661,-0.263,1.994,1,1,2,-0.041
Game_160,2017,Roguelike,AAA,7.64,6.42,7.16,6.64,1.0,disappointment,1,76.7,21.86,0.8,36.5,0.777,1471.0,7.71,7.45,520,1,70.0,0.724,0.6732,-0.013,2.823,1,1,8,-0.041
Game_161,2017,RPG,AAA,8.95,5.9,7.34,6.33,2.62,launch_disaster,1,94.3,24.03,0.818,56.8,0.92,1739.0,8.49,6.73,530,1,70.0,1.562,0.8538,-0.025,3.275,1,1,8,-0.132
Game_162,2017,Roguelike,AAA,2.55,7.96,8.2,8.03,-5.48,positive_surprise,0,26.4,12.22,0.8,17.5,0.625,496.0,1.59,7.12,832,1,70.0,-4.366,0.3049,-0.37,0.595,1,1,8,-0.041
Game_163,2014,Action,Indie,8.43,8.91,9.88,9.2,-0.77,met_expectations,0,37.7,10.86,0.801,13.4,0.834,314.0,5.66,7.39,244,1,25.0,1.216,0.3106,0.009,1.282,0,0,11,-0.349
Game_164,2021,Shooter,AA,6.49,9.26,9.77,9.41,-2.92,positive_surprise,0,58.8,17.26,0.8,30.9,0.752,1114.0,5.99,7.51,424,0,50.0,-0.424,0.5352,-0.103,2.621,0,0,4,-0.352
Game_165,2023,Sports,AA,5.04,4.84,5.06,4.9,0.14,met_expectations,0,45.9,11.67,0.8,28.5,0.751,788.0,4.32,6.64,300,0,50.0,-1.18,0.4194,-0.247,2.618,0,0,2,-1.046
Game_166,2019,Simulation,Indie,5.14,5.17,5.54,5.28,-0.14,met_expectations,0,28.6,3.81,0.8,12.3,0.803,243.0,3.8,6.01,208,0,25.0,-1.822,0.1987,-0.289,1.163,0,0,6,0.542
Game_167,2019,Roguelike,AA,8.71,8.24,7.86,8.13,0.58,met_expectations,0,78.7,20.03,0.823,41.4,0.737,1463.0,8.04,6.99,235,1,50.0,1.794,0.6839,0.134,6.199,0,0,6,-0.041
Game_168,2021,Roguelike,Indie,5.99,8.37,9.14,8.6,-2.61,positive_surprise,0,24.3,9.0,0.8,21.4,0.778,200.0,4.54,5.68,116,0,25.0,-0.926,0.2818,-0.179,1.709,0,0,4,-0.041
Game_169,2022,Strategy,Indie,7.72,6.52,7.1,6.7,1.02,disappointment,1,33.9,7.0,0.8,14.9,0.851,299.0,5.91,7.81,174,1,25.0,2.379,0.2634,-0.079,1.709,0,0,3,-0.632
Game_170,2024,Action,AAA,5.69,5.52,6.32,5.76,-0.07,met_expectations,0,65.5,18.95,0.8,34.5,0.693,1213.0,5.2,7.7,613,1,70.0,-1.524,0.5936,-0.124,1.976,1,1,1,-0.349
Game_171,2021,Roguelike,AAA,5.7,8.6,9.73,8.94,-3.24,positive_surprise,0,61.8,18.91,0.8,30.4,0.584,1211.0,5.68,5.85,600,0,70.0,-1.216,0.5608,-0.014,2.015,1,1,4,-0.041
Game_172,2014,Fighting,AAA,6.47,6.45,7.92,6.89,-0.42,met_expectations,0,73.7,22.71,0.8,35.2,0.774,1423.0,6.57,6.06,455,1,70.0,-1.079,0.6655,-0.127,3.121,1,1,11,-0.189
Game_173,2023,Roguelike,AAA,8.87,9.09,9.41,9.19,-0.32,met_expectations,0,90.2,28.8,0.841,49.7,0.847,1766.0,8.4,7.05,549,1,70.0,1.954,0.8565,0.04,3.211,1,1,2,-0.041
Game_174,2018,Action,AA,6.07,8.8,9.03,8.87,-2.8,positive_surprise,0,53.3,14.33,0.8,24.4,0.71,987.0,5.18,7.35,361,1,50.0,-1.144,0.4541,-0.103,2.727,0,0,7,-0.349
Game_175,2020,Adventure,Indie,3.92,8.74,9.58,8.99,-5.07,positive_surprise,0,19.0,5.99,0.8,0.5,0.624,171.0,3.39,6.57,233,0,25.0,-2.373,0.1324,-0.232,0.731,0,0,5,-1.385
Game_176,2020,Sports,Indie,6.26,6.57,6.33,6.5,-0.24,met_expectations,0,27.8,4.42,0.8,19.1,0.642,284.0,4.41,6.99,128,0,25.0,0.04,0.2346,-0.016,2.202,0,0,5,-1.046
Game_177,2020,Roguelike,AA,3.85,6.03,6.78,6.26,-2.41,positive_surprise,0,32.1,12.65,0.8,17.3,0.622,652.0,3.63,6.38,371,0,50.0,-3.066,0.3285,-0.237,1.753,0,0,5,-0.041
Game_178,2020,Simulation,Indie,9.35,5.38,5.79,5.51,3.84,launch_disaster,1,37.3,10.34,0.861,16.7,0.783,394.0,6.3,7.17,139,0,25.0,2.388,0.3193,0.152,2.814,0,0,5,0.542
Game_179,2015,Roguelike,Indie,7.94,8.02,9.08,8.34,-0.4,met_expectations,0,42.4,11.88,0.8,14.6,0.707,333.0,5.9,7.9,243,1,25.0,1.024,0.3436,0.087,1.365,0,0,10,-0.041
Game_180,2021,RPG,AAA,5.11,5.54,5.49,5.52,-0.41,met_expectations,0,61.2,15.87,0.8,26.1,0.775,1094.0,4.55,6.49,708,0,70.0,-2.277,0.5061,-0.264,1.543,1,1,4,-0.132
Game_181,2014,Platformer,AA,7.37,5.06,7.02,5.65,1.72,disappointment,1,64.2,22.11,0.8,38.6,0.788,984.0,6.43,6.5,420,1,50.0,0.708,0.642,-0.051,2.337,0,0,11,-0.928
Game_182,2017,Fighting,Indie,7.06,8.35,7.75,8.17,-1.11,positive_surprise,0,33.4,8.04,0.8,15.7,0.715,271.0,4.59,6.39,236,0,25.0,-0.489,0.2765,-0.009,1.143,0,0,8,-0.189
Game_183,2021,Shooter,AA,3.19,9.61,10.0,9.73,-6.54,positive_surprise,0,21.2,9.02,0.8,12.4,0.615,458.0,2.51,5.13,364,1,50.0,-3.724,0.2286,-0.296,1.255,0,0,4,-0.352
Game_184,2013,Roguelike,AA,7.19,5.6,6.37,5.83,1.36,disappointment,1,54.7,18.15,0.8,32.0,0.767,1170.0,5.79,8.3,431,1,50.0,0.274,0.5355,-0.048,2.708,0,0,12,-0.041
Game_185,2023,Fighting,AA,9.23,5.66,6.07,5.78,3.45,launch_disaster,1,80.4,20.42,0.87,46.2,0.823,1472.0,7.23,7.31,356,1,50.0,1.681,0.7167,0.1,4.123,0,0,2,-0.189
Game_186,2018,Sports,AAA,6.12,8.36,8.48,8.4,-2.28,positive_surprise,0,71.8,19.02,0.8,42.8,0.772,1144.0,5.95,6.7,563,1,70.0,-0.1,0.6557,-0.16,2.028,1,1,7,-1.046
Game_187,2021,RPG,AAA,5.09,5.0,5.96,5.29,-0.2,met_expectations,0,60.1,15.88,0.8,20.1,0.758,989.0,4.85,4.71,627,1,70.0,-2.297,0.474,-0.249,1.575,1,1,4,-0.132
Game_188,2018,RPG,AAA,4.54,8.31,10.0,8.82,-4.28,positive_surprise,0,49.9,15.52,0.8,26.6,0.528,991.0,4.74,7.6,421,0,70.0,-2.847,0.4652,-0.074,2.348,1,1,7,-0.132
Game_189,2019,RPG,AAA,7.61,9.15,9.67,9.31,-1.7,positive_surprise,0,90.9,24.25,0.8,36.6,0.783,1496.0,6.85,7.77,590,1,70.0,0.223,0.7487,-0.022,2.531,1,1,6,-0.132
Game_190,2013,RPG,AAA,6.64,2.43,2.88,2.57,4.07,launch_disaster,1,77.6,21.93,0.8,37.3,0.862,1271.0,6.3,6.21,588,0,70.0,-0.747,0.6808,-0.198,2.158,1,1,12,-0.132
Game_191,2017,Simulation,AAA,6.34,4.66,5.12,4.8,1.54,disappointment,1,66.2,20.03,0.8,31.0,0.706,1379.0,5.82,6.61,473,0,70.0,-0.622,0.591,-0.072,2.909,1,1,8,0.542
Game_192,2015,RPG,AA,4.95,5.73,7.28,6.2,-1.25,positive_surprise,0,49.0,12.29,0.8,21.9,0.745,793.0,4.37,7.09,425,1,50.0,-2.437,0.4056,-0.25,1.862,0,0,10,-0.132
Game_193,2023,RPG,Indie,7.76,7.9,9.16,8.28,-0.52,met_expectations,0,34.8,10.48,0.8,22.4,0.826,292.0,5.08,6.3,254,1,25.0,0.373,0.339,-0.05,1.145,0,0,2,-0.132
Game_194,2018,Simulation,AAA,4.97,5.0,5.18,5.05,-0.08,met_expectations,0,56.7,16.74,0.8,28.8,0.681,1049.0,4.49,8.75,613,0,70.0,-1.992,0.5124,-0.184,1.708,1,1,7,0.542
Game_195,2023,Roguelike,AAA,6.45,3.01,4.3,3.39,3.06,launch_disaster,1,77.3,26.46,0.8,33.2,0.812,1250.0,6.61,6.1,436,1,70.0,-0.466,0.7085,-0.167,2.86,1,1,2,-0.041
Game_196,2016,Adventure,AA,3.39,6.43,6.15,6.35,-2.96,positive_surprise,0,36.3,5.96,0.8,19.4,0.689,582.0,3.14,7.18,297,0,50.0,-2.903,0.2821,-0.35,1.953,0,0,9,-1.385
Game_197,2018,RPG,AA,7.9,7.83,8.8,8.12,-0.22,met_expectations,0,71.6,17.18,0.8,37.7,0.791,1261.0,6.98,7.5,387,1,50.0,0.513,0.6113,-0.001,3.25,0,0,7,-0.132
Game_198,2015,Strategy,AAA,2.94,5.0,5.24,5.07,-2.13,positive_surprise,0,25.3,8.68,0.8,14.5,0.678,686.0,2.96,9.65,434,1,70.0,-2.401,0.2493,-0.384,1.577,1,1,10,-0.632
Game_199,2015,Strategy,Indie,6.34,3.76,4.63,4.02,2.32,launch_disaster,1,27.1,5.71,0.8,8.2,0.744,249.0,5.12,7.3,279,1,25.0,0.999,0.1942,-0.11,0.889,0,0,10,-0.632
Game_200,2019,Shooter,AA,8.8,9.8,9.93,9.84,-1.04,positive_surprise,0,80.4,22.01,0.85,43.4,0.776,1356.0,7.54,6.98,365,1,50.0,1.886,0.7203,0.104,3.705,0,0,6,-0.352
Game_201,2016,Horror,Indie,5.12,5.03,4.47,4.86,0.26,met_expectations,0,31.3,5.47,0.8,14.4,0.772,214.0,3.44,6.72,277,0,25.0,-1.843,0.2357,-0.26,0.77,0,0,9,0.542
Game_202,2016,RPG,AAA,6.92,9.14,9.24,9.17,-2.25,positive_surprise,0,77.5,20.7,0.8,41.6,0.727,1559.0,6.36,7.02,496,1,70.0,-0.467,0.6878,-0.035,3.137,1,1,9,-0.132
Game_203,2014,Roguelike,AAA,8.82,2.96,2.88,2.93,5.89,launch_disaster,1,94.4,30.77,0.8,48.6,0.807,1777.0,8.72,6.06,505,1,70.0,1.904,0.8869,0.075,3.512,1,1,11,-0.041
Game_204,2018,Horror,AAA,5.08,2.86,3.17,2.95,2.13,launch_disaster,1,69.6,17.21,0.8,29.3,0.663,1049.0,4.37,8.12,490,0,70.0,-1.883,0.5649,-0.155,2.136,1,1,7,0.542
Game_205,2015,Shooter,Indie,8.37,1.95,3.34,2.37,6.0,launch_disaster,1,39.3,14.38,0.8,24.0,0.828,327.0,6.2,5.79,182,1,25.0,1.456,0.4037,0.009,1.787,0,0,10,-0.352
Game_206,2016,Sports,AA,7.79,5.2,5.27,5.23,2.56,launch_disaster,1,67.4,19.41,0.8,38.4,0.796,1385.0,7.37,4.76,318,1,50.0,1.57,0.6236,-0.017,4.342,0,0,9,-1.046
Game_207,2024,Roguelike,Indie,7.53,7.19,6.98,7.13,0.4,met_expectations,0,30.2,10.49,0.8,18.4,0.833,322.0,5.38,5.32,229,0,25.0,0.614,0.3041,-0.08,1.4,0,0,1,-0.041
Game_208,2023,Simulation,AAA,6.62,9.21,9.39,9.26,-2.64,positive_surprise,0,67.1,25.39,0.8,43.4,0.697,1317.0,5.69,9.61,559,0,70.0,-0.342,0.7097,-0.035,2.352,1,1,2,0.542
Game_209,2013,Platformer,AAA,4.31,8.68,9.17,8.83,-4.52,positive_surprise,0,41.4,14.93,0.8,22.6,0.6,957.0,4.44,7.38,410,0,70.0,-2.352,0.4103,-0.169,2.328,1,1,12,-0.928
Game_210,2023,Action,AAA,9.29,8.79,10.0,9.15,0.14,met_expectations,0,100.0,28.97,0.864,59.9,0.887,1713.0,8.64,6.95,598,1,70.0,2.076,0.9409,0.042,2.86,1,1,2,-0.349
Game_211,2019,Platformer,AA,8.31,6.22,6.56,6.32,1.99,launch_disaster,1,63.7,20.34,0.8,34.8,0.732,1424.0,6.81,4.81,403,1,50.0,1.648,0.6035,0.099,3.525,0,0,6,-0.928
Game_212,2022,Action,AAA,6.09,7.5,8.14,7.69,-1.6,positive_surprise,0,69.5,22.33,0.8,31.5,0.681,1252.0,5.26,7.35,546,1,70.0,-1.124,0.6293,-0.072,2.289,1,1,3,-0.349
Game_213,2016,RPG,AAA,9.24,9.7,9.96,9.77,-0.53,met_expectations,0,100.0,28.34,0.889,54.9,0.816,2049.0,8.85,7.49,391,1,70.0,1.853,0.9105,0.108,5.227,1,1,9,-0.132
Game_214,2017,Horror,AA,6.42,4.18,4.64,4.32,2.1,launch_disaster,1,65.0,12.56,0.8,28.6,0.801,984.0,5.4,6.93,268,1,50.0,-0.543,0.4961,-0.159,3.658,0,0,8,0.542
Game_215,2018,Adventure,AAA,6.19,7.55,7.87,7.65,-1.46,positive_surprise,0,66.2,22.2,0.8,39.6,0.69,1261.0,6.33,7.64,475,0,70.0,-0.103,0.6547,-0.071,2.649,1,1,7,-1.385
Game_216,2022,Strategy,AA,6.11,5.62,5.61,5.62,0.49,met_expectations,0,52.8,13.35,0.8,29.9,0.742,919.0,5.28,7.51,429,1,50.0,0.769,0.468,-0.131,2.137,0,0,3,-0.632
Game_217,2019,RPG,AA,6.39,6.11,6.43,6.21,0.18,met_expectations,0,48.3,15.18,0.8,27.4,0.736,969.0,4.83,7.12,361,1,50.0,-0.997,0.4598,-0.097,2.677,0,0,6,-0.132
Game_218,2018,Adventure,AA,8.35,9.95,10.0,9.97,-1.62,positive_surprise,0,69.7,23.28,0.8,29.7,0.703,1317.0,7.22,6.74,242,1,50.0,2.057,0.6315,0.132,5.42,0,0,7,-1.385
Game_219,2023,Simulation,AA,7.55,5.55,5.35,5.49,2.06,launch_disaster,1,65.5,19.48,0.8,33.3,0.841,1061.0,7.01,6.56,277,1,50.0,0.588,0.5936,-0.086,3.817,0,0,2,0.542
Monster Hunter Wilds,2025,RPG,AAA,6.9,0.0,5.16,0.0,0.0,upcoming,0,76.2,6.35,0.605,40.4,0.788,1794.0,5.87,7.2,540,0,69.99,-0.2,0.462,-0.098,3.316,1,1,0,0.1
Hollow Knight Silksong,2025,Platformer,Indie,9.9,0.0,8.9,0.0,0.0,upcoming,0,42.1,68.02,0.342,22.3,0.848,990.0,8.42,7.5,180,0,19.99,3.7,0.5641,0.142,5.47,0,0,0,-1.2
Doom The Dark Ages,2025,Shooter,AAA,9.46,0.0,9.54,0.0,0.0,upcoming,0,100.0,14.88,0.838,55.3,0.839,2460.0,8.04,7.2,540,0,2.99,2.66,0.6896,0.1068,4.546,0,1,0,0.5
Borderlands 4,2025,Shooter,AAA,8.34,0.0,0.0,0.0,0.0,upcoming,0,92.2,11.14,0.145,48.8,0.817,2168.0,7.09,7.2,540,0,60.0,1.54,0.5989,0.0172,4.008,1,1,0,0.5
Ghost of Yotei,2025,Action,AAA,8.27,0.0,0.0,0.0,0.0,upcoming,0,91.4,10.9,0.763,48.4,0.815,2150.0,7.03,7.2,540,0,60.0,1.27,0.5921,0.0116,3.974,1,1,0,-0.1
GTA VI,2025,Action,AAA,9.9,0.0,0.0,0.0,0.0,upcoming,0,100.0,18.52,0.405,57.9,0.848,2574.0,8.42,7.2,540,0,60.0,2.9,0.7398,0.142,4.758,1,1,0,-0.1
Death Stranding 2,2025,Adventure,AA,8.54,0.0,0.0,0.0,0.0,upcoming,0,72.6,11.8,0.641,38.4,0.821,1708.0,7.26,6.8,360,0,60.0,2.24,0.507,0.0332,4.731,1,0,0,-0.6
Fable,2025,RPG,AAA,7.14,0.0,0.0,0.0,0.0,upcoming,0,78.9,7.15,0.446,41.8,0.793,1856.0,6.07,7.2,540,0,60.0,0.04,0.4849,-0.0788,3.431,1,1,0,0.1
Metroid Prime 4,2025,Action,AAA,6.28,0.0,0.0,0.0,0.0,upcoming,0,69.4,4.27,0.719,36.7,0.776,1633.0,5.34,7.2,540,0,60.0,-0.72,0.4029,-0.1476,3.018,1,1,0,-0.1
Mafia The Old Country,2025,Action,AA,6.93,0.0,0.0,0.0,0.0,upcoming,0,58.9,6.43,0.571,31.2,0.789,1386.0,5.89,6.8,360,0,60.0,-0.07,0.3747,-0.0956,3.839,1,0,0,-0.1
